type_id,lat,lng,type,id,district
1,30.6806892509078,104.046196890053,pk,1,金牛区
2,30.6931282152355,104.040863183473,pk,2,金牛区
3,30.6769079817607,104.041986216334,pk,3,金牛区
4,30.688930739828,104.040771968828,pk,4,金牛区
5,30.688930739828,104.040771968828,pk,5,金牛区
6,30.6886452321004,104.041532858499,pk,6,金牛区
8,30.6911075745903,104.041659091213,pk,7,金牛区
9,30.6615550930151,104.042822451165,pk,8,青羊区
11,30.6606959253862,104.041250882177,pk,9,青羊区
12,30.6911075745903,104.041659091213,pk,10,金牛区
13,30.6806892509078,104.046196890053,pk,11,金牛区
15,30.677254821129,104.047188674974,pk,12,金牛区
17,30.685486152858,104.043851348306,pk,13,金牛区
18,30.6804849149434,104.04477232543,pk,14,金牛区
20,30.6806712914863,104.046223110427,pk,15,金牛区
21,30.6913895415934,104.043571399849,pk,16,金牛区
22,30.6934117077129,104.046260109018,pk,17,金牛区
23,30.6668194435889,104.043862590612,pk,18,金牛区
24,30.6640497690794,104.044204917129,pk,19,青羊区
25,30.6638686267551,104.044107567991,pk,20,青羊区
26,30.6693296842774,104.045467558008,pk,21,金牛区
27,30.6689290464482,104.044491876937,pk,22,金牛区
28,30.6915876588377,104.043330809879,pk,23,金牛区
29,30.6731632801514,104.044582823947,pk,24,金牛区
31,30.668932723146,104.044552291195,pk,25,金牛区
32,30.6934277298585,104.046303916859,pk,26,金牛区
33,30.6934536212411,104.046378893291,pk,27,金牛区
34,30.6768737410879,104.04680755599,pk,28,金牛区
35,30.6770134422081,104.046953120133,pk,29,金牛区
36,30.6768358478997,104.04677119429,pk,30,金牛区
39,30.7133364104393,104.046913806823,pk,31,金牛区
41,30.6937089882714,104.047293062899,pk,32,金牛区
42,30.6923549864078,104.048571842267,pk,33,金牛区
43,30.6778310570369,104.049928095357,pk,34,金牛区
45,30.6903581084053,104.048002250709,pk,35,金牛区
46,30.6908300721287,104.05020959522,pk,36,金牛区
47,30.6903495639491,104.047964203212,pk,37,金牛区
48,30.6908523240185,104.050325919295,pk,38,金牛区
49,30.6700389024959,104.049811137992,pk,39,青羊区
51,30.6712395956656,104.05303927651,pk,40,青羊区
52,30.6693332002568,104.049745664349,pk,41,青羊区
53,30.6704585118117,104.047356214661,pk,42,金牛区
54,30.6694247178738,104.049547719797,pk,43,青羊区
55,30.6868221245846,104.049310222809,pk,44,金牛区
56,30.7087421037103,104.050727094392,pk,45,金牛区
57,30.6764772577372,104.052435853864,pk,46,青羊区
58,30.6759949684403,104.053629997196,pk,47,青羊区
60,30.6743536584124,104.051953180827,pk,48,青羊区
61,30.6908893134434,104.05051853723,pk,49,金牛区
63,30.6913236905836,104.052627074743,pk,50,金牛区
65,30.6583240610453,104.053875238699,pk,51,青羊区
67,30.6712395956656,104.05303927651,pk,52,青羊区
69,30.674747485244,104.053890338099,pk,53,青羊区
71,30.6822294898372,104.055316363639,pk,54,金牛区
72,30.6777149115799,104.057263996258,pk,55,青羊区
75,30.6730090087088,104.057771778376,pk,56,青羊区
76,30.6736931986801,104.068206228909,pk,57,青羊区
77,30.6618476709041,104.060119235171,pk,58,青羊区
79,30.6588067070993,104.059639944796,pk,59,青羊区
82,30.6693657488716,104.058993364899,pk,60,青羊区
83,30.6851751951665,104.061963566078,pk,61,金牛区
84,30.6915726698608,104.063081455915,pk,62,金牛区
85,30.7035574823618,104.061406091164,pk,63,金牛区
88,30.7072131837752,104.060909333848,pk,64,金牛区
89,30.7054622752485,104.06125027981,pk,65,金牛区
90,30.7035257307595,104.060655621465,pk,66,金牛区
91,30.7071279057122,104.060920193288,pk,67,金牛区
92,30.6619717300229,104.060116033047,pk,68,青羊区
93,30.6970417753364,104.060020745253,pk,69,金牛区
96,30.6854002779952,104.06385746759,pk,70,金牛区
98,30.7084210706483,104.063559975623,pk,71,金牛区
100,30.7114377809747,104.064072670944,pk,72,金牛区
101,30.709684550314,104.065316254317,pk,73,金牛区
102,30.6889346263248,104.063715385053,pk,74,金牛区
103,30.7051881681208,104.062776130971,pk,75,金牛区
104,30.7022165171028,104.06402380892,pk,76,金牛区
105,30.6976316683942,104.06390673537,pk,77,金牛区
108,30.672645342099,104.064461851582,pk,78,青羊区
109,30.7118684519804,104.064145153783,pk,79,金牛区
111,30.7151929141346,104.064681197346,pk,80,金牛区
112,30.7070403144077,104.064029069793,pk,81,金牛区
113,30.7097691438046,104.065334528549,pk,82,金牛区
114,30.7103285971665,104.06541681321,pk,83,金牛区
115,30.7106699571185,104.067027755306,pk,84,金牛区
116,30.7228641014545,104.066235543445,pk,85,金牛区
117,30.6614593492652,104.066408222607,pk,86,青羊区
119,30.7025602765942,104.066692926222,pk,87,金牛区
120,30.6772262802347,104.069112431256,pk,88,青羊区
121,30.7102307878715,104.06697815909,pk,89,金牛区
122,30.6588717973796,104.065206789228,pk,90,锦江区
123,30.7106045534,104.067184034317,pk,91,成华区
124,30.7099090842112,104.068802710725,pk,92,成华区
125,30.7099848875631,104.065366466947,pk,93,金牛区
126,30.7072804552588,104.067518145619,pk,94,金牛区
127,30.6911505555205,104.067164175654,pk,95,金牛区
128,30.6878939235821,104.070670197154,pk,96,金牛区
129,30.6948168032639,104.069641440304,pk,97,金牛区
130,30.6927497855372,104.067179077085,pk,98,金牛区
131,30.7124024077038,104.068089322781,pk,99,金牛区
134,30.6690833059717,104.068136625769,pk,100,青羊区
135,30.6851008635984,104.068583104988,pk,101,金牛区
137,30.6579005590511,104.06714240896,pk,102,锦江区
140,30.7074321261938,104.069639474991,pk,103,成华区
142,30.7051521773226,104.070959279471,pk,104,成华区
143,30.7121029175847,104.069707690432,pk,105,成华区
144,30.7123591136234,104.068645097021,pk,106,金牛区
146,30.6769059648045,104.080430004095,pk,107,金牛区
147,30.668779527202,104.070611893765,pk,108,青羊区
148,30.6848872375899,104.069108683604,pk,109,金牛区
149,30.6819051967842,104.069581154913,pk,110,金牛区
150,30.6576151580206,104.069897852246,pk,111,锦江区
151,30.6714145965023,104.071217526874,pk,112,青羊区
152,30.6579191298293,104.0708581397,pk,113,锦江区
155,30.6948171112223,104.069608622899,pk,114,金牛区
156,30.6878950952183,104.070670327811,pk,115,金牛区
160,30.6955468460681,104.074325888686,pk,116,金牛区
162,30.6619088374345,104.060117860258,pk,117,青羊区
163,30.7078548473452,104.071372799033,pk,118,成华区
164,30.7090936035278,104.071110977284,pk,119,成华区
165,30.7088007370716,104.072208629537,pk,120,成华区
166,30.6714133696174,104.073148491703,pk,121,青羊区
167,30.7122198809511,104.070632117017,pk,122,成华区
169,30.7051969413176,104.066817757187,pk,123,金牛区
171,30.6735835100665,104.072674317914,pk,124,青羊区
172,30.6657180133014,104.072996369895,pk,125,青羊区
173,30.6667046755467,104.074731278485,pk,126,青羊区
175,30.7028152941443,104.076374061071,pk,127,成华区
176,30.6706306406359,104.072928857325,pk,128,青羊区
179,30.7045618816604,104.07394622059,pk,129,成华区
180,30.7027359500957,104.073856606139,pk,130,成华区
181,30.715859947423,104.073296386588,pk,131,成华区
182,30.7134405472361,104.078027847513,pk,132,成华区
183,30.6896813469144,104.070779893267,pk,133,金牛区
184,30.6923210301607,104.070872559681,pk,134,金牛区
185,30.6954325541897,104.074335151216,pk,135,金牛区
186,30.6614842585428,104.073707198332,pk,136,锦江区
187,30.6648580832591,104.075717916552,pk,137,锦江区
188,30.6803345345558,104.077642646569,pk,138,金牛区
189,30.6764485852931,104.075013668094,pk,139,青羊区
190,30.6757415074037,104.074438651145,pk,140,青羊区
192,30.6648124391327,104.075684932484,pk,141,锦江区
194,30.7051176659088,104.07440990317,pk,142,成华区
195,30.66696555192,104.074901736008,pk,143,青羊区
198,30.6803628430817,104.077659799067,pk,144,金牛区
200,30.7051180279576,104.074526627434,pk,145,成华区
203,30.663656797701,104.080253911592,pk,146,锦江区
204,30.6803920511086,104.077680606951,pk,147,金牛区
205,30.7127599231743,104.086477246426,pk,148,成华区
206,30.6839714984075,104.080066546904,pk,149,金牛区
207,30.6803920511086,104.077680606951,pk,150,金牛区
208,30.6692705285058,104.077738629504,pk,151,青羊区
209,30.6589056185631,104.078655030082,pk,152,锦江区
210,30.6581974984791,104.081071888398,pk,153,锦江区
213,30.6692705285058,104.077738629504,pk,154,青羊区
214,30.6623222753476,104.080815661574,pk,155,锦江区
215,30.6839714984075,104.080066546904,pk,156,金牛区
216,30.6633712215233,104.07949002147,pk,157,锦江区
217,30.6814085169955,104.078348790366,pk,158,金牛区
218,30.6873094265156,104.080509394666,pk,159,金牛区
219,30.6581688869579,104.081135341074,pk,160,锦江区
221,30.6656036154782,104.08284714684,pk,161,锦江区
223,30.6771054042187,104.083011320844,pk,162,金牛区
224,30.6589060381944,104.081536020571,pk,163,锦江区
225,30.671514318568,104.081198008265,pk,164,青羊区
226,30.6700748916994,104.084511859775,pk,165,青羊区
227,30.6772796493091,104.081848103158,pk,166,金牛区
229,30.6771054042187,104.083011320844,pk,167,金牛区
230,30.6771054042187,104.083011320844,pk,168,金牛区
231,30.6687136722587,104.083161110052,pk,169,青羊区
232,30.6622541318728,104.083260608194,pk,170,锦江区
233,30.6622393080481,104.08329294909,pk,171,锦江区
234,30.683115794177098,104.083224808609,pk,172,金牛区
235,30.6786979584041,104.083404037083,pk,173,金牛区
236,30.6780877377991,104.084633237584,pk,174,金牛区
237,30.6744264701069,104.085385424016,pk,175,金牛区
238,30.6843006450113,104.083898512346,pk,176,金牛区
239,30.6844356972411,104.087927625763,pk,177,成华区
241,30.6657079285701,104.085409836382,pk,178,锦江区
242,30.6671466582226,104.08381968563,pk,179,锦江区
243,30.6753106968849,104.085526682288,pk,180,金牛区
245,30.6661488951459,104.084467899876,pk,181,锦江区
246,30.686469136686,104.084854775942,pk,182,金牛区
247,30.6620681861121,104.086113071271,pk,183,锦江区
248,30.6850214951339,104.084420660158,pk,184,金牛区
249,30.6804487076456,104.085245259359,pk,185,金牛区
250,30.686507417127,104.085471466741,pk,186,金牛区
251,30.6854506772043,104.086315153533,pk,187,金牛区
252,30.7029724699812,104.086898564403,pk,188,成华区
253,30.6830374714893,104.086982988519,pk,189,成华区
254,30.6740465449118,104.086148053636,pk,190,金牛区
256,30.661575048574,104.084736127354,pk,191,锦江区
257,30.6844356972411,104.087927625763,pk,192,成华区
259,30.6836140359363,104.08737113487,pk,193,成华区
260,30.6634675272995,104.090199237829,pk,194,成华区
261,30.664560506684,104.089906989081,pk,195,锦江区
262,30.7044799944791,104.092099041621,pk,196,成华区
263,30.6729780505785,104.089209465261,pk,197,成华区
264,30.67145294469,104.093834796422,pk,198,成华区
265,30.6764347843381,104.090179042622,pk,199,成华区
266,30.6614924781394,104.090940279378,pk,200,成华区
268,30.7127559518807,104.08652756157,pk,201,成华区
269,30.7029512002795,104.090392824467,pk,202,成华区
270,30.7049865259726,104.091848996955,pk,203,成华区
271,30.6628047277716,104.089350543524,pk,204,锦江区
272,30.709956300266,104.093173261637,pk,205,成华区
273,30.6637712336535,104.092434335062,pk,206,成华区
274,30.6643953251378,104.093086725895,pk,207,成华区
276,30.7116623603835,104.094172205719,pk,208,成华区
277,30.7123533193541,104.091068494078,pk,209,成华区
278,30.6979509320234,104.090003928015,pk,210,成华区
279,30.7064446016045,104.093938143656,pk,211,成华区
280,30.7096378568089,104.096949529562,pk,212,成华区
281,30.7176853530018,104.096376279742,pk,213,成华区
282,30.7024456440071,104.096936114373,pk,214,成华区
283,30.7031435984441,104.098421034665,pk,215,成华区
284,30.6596468178785,104.098437287723,pk,216,成华区
285,30.6590140534875,104.099757918599,pk,217,成华区
286,30.6681213149827,104.097524647728,pk,218,成华区
287,30.6815884328701,104.096102251096,pk,219,成华区
288,30.6672447473047,104.09878074442,pk,220,成华区
289,30.6811316935213,104.100354589288,pk,221,成华区
291,30.6595207277522,104.100708705208,pk,222,成华区
292,30.705149248115,104.100175267718,pk,223,成华区
293,30.6709645284606,104.101281239827,pk,224,成华区
296,30.6572660260633,104.102294149284,pk,225,成华区
297,30.6812059258878,104.100471985218,pk,226,成华区
298,30.6829976602191,104.104100914599,pk,227,成华区
299,30.6649758369776,104.102504971672,pk,228,成华区
300,30.7153573651765,104.106502661566,pk,229,成华区
301,30.6700836106231,104.103971512761,pk,230,成华区
302,30.6697811830505,104.109115743826,pk,231,成华区
303,30.6777661654429,104.105825503044,pk,232,成华区
304,30.6728230873744,104.107889141222,pk,233,成华区
306,30.6728354634271,104.107883332923,pk,234,成华区
310,30.6851701994538,104.112901787376,pk,235,成华区
312,30.670131259824,104.11781328932,pk,236,成华区
313,30.669968899827,104.117892211143,pk,237,成华区
314,30.6688888217262,104.118566819525,pk,238,成华区
315,30.672603261169,104.122539899636,pk,239,成华区
317,30.7129210399829,104.12479172737,pk,240,成华区
318,30.7061146008271,104.069600957245,pk,241,成华区
319,30.7122671627101,104.069981551428,pk,242,成华区
320,30.6844356972411,104.087927625763,pk,243,成华区
321,30.661750256428,104.071070268883,pk,244,青羊区
323,30.6970822635291,104.070388437937,pk,245,金牛区
324,30.7017186653334,104.096491083197,pk,246,成华区
325,30.6788021021021,104.07240834692,pk,247,青羊区
326,30.6752671475262,104.083697998834,pk,248,金牛区
327,30.6621894751468,104.078731649675,pk,249,锦江区
328,30.6589060381944,104.081536020571,pk,250,锦江区
329,30.6623427047308,104.07174608787,pk,251,青羊区
330,30.6757414126297,104.091665352205,pk,252,成华区
331,30.6814085169955,104.078348790366,pk,253,金牛区
332,30.6911075745903,104.041659091213,pk,254,金牛区
333,30.6763271499936,104.09009952748,pk,255,成华区
334,30.7039511576625,104.092954578831,pk,256,成华区
335,30.6622686103169,104.083228864659,pk,257,锦江区
336,30.6759981772333,104.053622799745,pk,258,青羊区
337,30.7124024077038,104.068089322781,pk,259,金牛区
338,30.6735835100665,104.072674317914,pk,260,青羊区
339,30.661863715131,104.084117119877,pk,261,锦江区
340,30.7094741875419,104.050037518926,pk,262,金牛区
341,30.7072706348756,104.068451292538,pk,263,金牛区
10091,30.654962,104.063481,tn,264,锦江区
10096,30.654965,104.06336,tn,265,锦江区
10131,30.65525,104.050035,tn,266,青羊区
10177,30.65563,104.047249,tn,267,青羊区
10199,30.656018,104.069601,tn,268,锦江区
10201,30.656018,104.069601,tn,269,锦江区
10220,30.656254,104.056124,tn,270,青羊区
10233,30.656363,104.058727,tn,271,青羊区
10238,30.656366,104.045474,tn,272,青羊区
10275,30.656731,104.0509,tn,273,青羊区
10279,30.656802,104.058426,tn,274,青羊区
10288,30.656876,104.058239,tn,275,青羊区
10304,30.65691,104.056162,tn,276,青羊区
10307,30.656939,104.068037,tn,277,锦江区
10309,30.656939,104.068037,tn,278,锦江区
10323,30.657003,104.06787,tn,279,锦江区
10340,30.657053,104.063678,tn,280,锦江区
10392,30.657603,104.102541,tn,281,成华区
10393,30.657603,104.102541,tn,282,成华区
10464,30.65804,104.085176,tn,283,锦江区
10489,30.658134,104.076091,tn,284,锦江区
10523,30.658535,104.073009,tn,285,锦江区
10560,30.65875,104.058402,tn,286,青羊区
10583,30.658868,104.099892,tn,287,成华区
10590,30.658876,104.058207,tn,288,青羊区
10599,30.658909,104.067031,tn,289,锦江区
10624,30.65906,104.078996,tn,290,锦江区
10630,30.65909,104.074174,tn,291,锦江区
10663,30.659187,104.078688,tn,292,锦江区
10730,30.659591,104.108873,tn,293,成华区
10759,30.65962,104.098227,tn,294,成华区
10798,30.659865,104.077196,tn,295,锦江区
10814,30.659937,104.088197,tn,296,锦江区
10898,30.660433,104.042148,tn,297,青羊区
10899,30.660433,104.042148,tn,298,青羊区
10929,30.660586,104.086809,tn,299,锦江区
10935,30.660593,104.059619,tn,300,青羊区
10961,30.660682,104.058144,tn,301,青羊区
10991,30.66078,104.041,tn,302,青羊区
10992,30.66078,104.041,tn,303,青羊区
11092,30.661317,104.124403,tn,304,成华区
11098,30.661337,104.078164,tn,305,锦江区
11106,30.661369,104.090924,tn,306,成华区
11131,30.661572,104.08475,tn,307,锦江区
11244,30.662163,104.076418,tn,308,锦江区
11245,30.662163,104.076418,tn,309,锦江区
11246,30.662163,104.076418,tn,310,锦江区
11283,30.662263,104.083307,tn,311,锦江区
11306,30.662393,104.060096,tn,312,青羊区
11353,30.662571,104.071097,tn,313,青羊区
11362,30.662591,104.088122,tn,314,锦江区
11366,30.662603,104.070506,tn,315,青羊区
11375,30.662636,104.068434,tn,316,青羊区
11386,30.662642,104.069776,tn,317,青羊区
11424,30.662812,104.053909,tn,318,青羊区
11431,30.662863,104.053783,tn,319,青羊区
11445,30.662956,104.076938,tn,320,锦江区
11447,30.662956,104.076938,tn,321,锦江区
11531,30.663547,104.0872,tn,322,锦江区
11570,30.663854,104.07509,tn,323,锦江区
11598,30.663949,104.06265,tn,324,青羊区
11648,30.664233,104.084522,tn,325,锦江区
11656,30.664244,104.099996,tn,326,成华区
11659,30.664249,104.099896,tn,327,成华区
11741,30.664797,104.078086,tn,328,锦江区
11752,30.664881,104.048076,tn,329,青羊区
11791,30.665083,104.04464,tn,330,青羊区
11873,30.665805,104.066297,tn,331,青羊区
11884,30.665822,104.081031,tn,332,锦江区
11893,30.66588,104.043296,tn,333,青羊区
12085,30.667234,104.081876,tn,334,锦江区
12111,30.667304,104.102726,tn,335,成华区
12118,30.667339,104.070636,tn,336,青羊区
12132,30.667392,104.081903,tn,337,青羊区
12134,30.667392,104.081903,tn,338,青羊区
12286,30.668139,104.105445,tn,339,成华区
12320,30.668303,104.098291,tn,340,成华区
12329,30.66835,104.071351,tn,341,青羊区
12374,30.668608,104.045168,tn,342,金牛区
12386,30.668714,104.049418,tn,343,青羊区
12467,30.669247,104.057821,tn,344,青羊区
12474,30.669247,104.057821,tn,345,青羊区
12485,30.669331,104.109471,tn,346,成华区
12491,30.669348,104.05979,tn,347,青羊区
12562,30.669583,104.066292,tn,348,青羊区
12621,30.669789,104.076791,tn,349,青羊区
12695,30.670424,104.097416,tn,350,成华区
12705,30.670439,104.079479,tn,351,青羊区
12721,30.670535,104.105732,tn,352,成华区
12737,30.670631,104.070649,tn,353,青羊区
12741,30.670673,104.113796,tn,354,成华区
12756,30.670829,104.049738,tn,355,青羊区
12786,30.671023,104.046169,tn,356,金牛区
12813,30.67121,104.077802,tn,357,青羊区
12833,30.671303,104.127458,tn,358,成华区
12838,30.671347,104.073414,tn,359,青羊区
12867,30.671526,104.101053,tn,360,成华区
12892,30.671766,104.093772,tn,361,成华区
12905,30.671817,104.080416,tn,362,青羊区
12961,30.672214,104.071588,tn,363,青羊区
13000,30.672484,104.104162,tn,364,成华区
13007,30.672538,104.059176,tn,365,青羊区
13042,30.672618,104.096712,tn,366,成华区
13070,30.672845,104.110856,tn,367,成华区
13102,30.673107,104.049254,tn,368,青羊区
13105,30.673107,104.049254,tn,369,青羊区
13179,30.673413,104.045776,tn,370,金牛区
13186,30.673567,104.07269,tn,371,青羊区
13197,30.673617,104.072572,tn,372,青羊区
13209,30.673682,104.084008,tn,373,青羊区
13244,30.673959,104.057869,tn,374,青羊区
13250,30.674014,104.06394,tn,375,青羊区
13298,30.674394,104.070912,tn,376,青羊区
13391,30.674759,104.062449,tn,377,青羊区
13415,30.674942,104.081622,tn,378,青羊区
13465,30.675069,104.045593,tn,379,金牛区
13466,30.675069,104.045593,tn,380,金牛区
13470,30.675109,104.069239,tn,381,青羊区
13476,30.675109,104.069239,tn,382,青羊区
13491,30.675227,104.055483,tn,383,青羊区
13523,30.675747,104.044416,tn,384,金牛区
13548,30.676014,104.082318,tn,385,金牛区
13593,30.676362,104.043267,tn,386,金牛区
13610,30.676455,104.102008,tn,387,成华区
13634,30.676549,104.101963,tn,388,成华区
13657,30.676654,104.102631,tn,389,成华区
13664,30.676669,104.082759,tn,390,金牛区
13759,30.677,104.041956,tn,391,金牛区
13836,30.677715,104.106109,tn,392,成华区
13949,30.678513,104.048814,tn,393,金牛区
14040,30.679481,104.070562,tn,394,青羊区
14109,30.680007,104.104823,tn,395,成华区
14155,30.680311,104.098089,tn,396,成华区
14157,30.680311,104.098089,tn,397,成华区
14172,30.680655,104.075983,tn,398,金牛区
14208,30.681072,104.074527,tn,399,金牛区
14209,30.681072,104.074527,tn,400,金牛区
14234,30.681286,104.078172,tn,401,金牛区
14260,30.681632,104.118704,tn,402,成华区
14314,30.682046,104.086345,tn,403,金牛区
14318,30.682142,104.094017,tn,404,成华区
14319,30.682142,104.094017,tn,405,成华区
14327,30.682174,104.086422,tn,406,金牛区
14328,30.682174,104.086422,tn,407,金牛区
14380,30.682798,104.067305,tn,408,金牛区
14447,30.683614,104.0836,tn,409,金牛区
14493,30.684112,104.042394,tn,410,金牛区
14494,30.684238,104.087723,tn,411,成华区
14495,30.684238,104.087723,tn,412,成华区
14499,30.684243,104.042464,tn,413,金牛区
14535,30.684732,104.070182,tn,414,金牛区
14597,30.68501,104.06834,tn,415,金牛区
14659,30.685888,104.04498,tn,416,金牛区
14670,30.685905,104.077881,tn,417,金牛区
14750,30.686736,104.089389,tn,418,成华区
14807,30.687399,104.040021,tn,419,金牛区
14819,30.687543,104.073316,tn,420,金牛区
14830,30.687665,104.082434,tn,421,金牛区
14850,30.688185,104.07083,tn,422,金牛区
14870,30.688214,104.063722,tn,423,金牛区
14874,30.688242,104.060791,tn,424,金牛区
14883,30.688269,104.056591,tn,425,金牛区
14887,30.688284,104.057605,tn,426,金牛区
14906,30.688335,104.063724,tn,427,金牛区
14981,30.6891,104.080125,tn,428,金牛区
15110,30.690459,104.095341,tn,429,成华区
15126,30.690505,104.074184,tn,430,金牛区
15164,30.690847,104.094543,tn,431,成华区
15240,30.691663,104.043431,tn,432,金牛区
15390,30.692616,104.057032,tn,433,金牛区
15394,30.692654,104.077519,tn,434,金牛区
15406,30.692673,104.070741,tn,435,金牛区
15415,30.692687,104.052155,tn,436,金牛区
15506,30.693226,104.08282,tn,437,金牛区
15640,30.69478,104.070909,tn,438,金牛区
15755,30.695496,104.05275,tn,439,金牛区
15797,30.696284,104.061747,tn,440,金牛区
15879,30.696889,104.074304,tn,441,金牛区
15893,30.69693,104.070738,tn,442,金牛区
15916,30.696981,104.063769,tn,443,金牛区
15938,30.697045,104.063769,tn,444,金牛区
15985,30.697985,104.089142,tn,445,成华区
15986,30.697985,104.089142,tn,446,成华区
16048,30.698627,104.104245,tn,447,成华区
16466,30.702783,104.077355,tn,448,成华区
16574,30.703301,104.114509,tn,449,成华区
16643,30.703693,104.093344,tn,450,成华区
16713,30.704185,104.046388,tn,451,金牛区
16845,30.70506,104.063751,tn,452,金牛区
16988,30.705985,104.094809,tn,453,成华区
17177,30.707776,104.110471,tn,454,成华区
17316,30.70896,104.048627,tn,455,金牛区
17321,30.70896,104.048627,tn,456,金牛区
17416,30.709735,104.097186,tn,457,成华区
17523,30.710708,104.111352,tn,458,成华区
17538,30.710856,104.048664,tn,459,金牛区
17609,30.711477,104.060924,tn,460,金牛区
17673,30.712301,104.111537,tn,461,成华区
18023,30.715191,104.107097,tn,462,成华区
18024,30.715191,104.107097,tn,463,成华区
18189,30.716772,104.071877,tn,464,金牛区
18205,30.717057,104.042061,tn,465,金牛区
18221,30.717199,104.126801,tn,466,成华区
18271,30.717916,104.107583,tn,467,成华区
18402,30.720071,104.116704,tn,468,成华区
18441,30.720681,104.046823,tn,469,金牛区
18815,30.724469,104.103936,tn,470,成华区
18988,30.72519,104.107041,tn,471,成华区
19159,30.725975,104.112539,tn,472,成华区
19209,30.726422,104.110792,tn,473,成华区
19272,30.727413,104.045298,tn,474,金牛区
19292,30.727745,104.105584,tn,475,成华区
19297,30.727828,104.105262,tn,476,成华区
19319,30.72854,104.044521,tn,477,金牛区
11,30.700283,104.044977,sp,478,金牛区
13,30.6942245,104.087409,sp,479,金牛区
21,30.72328,104.038665,sp,480,金牛区
31,30.6816265,104.0407715,sp,481,金牛区
42,30.656963,104.0411455,sp,482,青羊区
43,30.6852685,104.0451975,sp,483,金牛区
45,30.7140925,104.040219,sp,484,金牛区
47,30.708319,104.0417005,sp,485,金牛区
48,30.6906765,104.04432,sp,486,金牛区
55,30.670619,104.041338,sp,487,金牛区
59,30.688307,104.041888,sp,488,金牛区
61,30.717057,104.042061,sp,489,金牛区
64,30.7120585,104.0426485,sp,490,金牛区
65,30.694601,104.043376,sp,491,金牛区
66,30.717258,104.044204,sp,492,金牛区
67,30.7098485,104.044447,sp,493,金牛区
69,30.706838,104.043257,sp,494,金牛区
70,30.703955,104.043638,sp,495,金牛区
72,30.6797275,104.0437945,sp,496,金牛区
73,30.657664,104.044464,sp,497,青羊区
75,30.689315,104.0457185,sp,498,金牛区
76,30.7047715,104.044418,sp,499,金牛区
77,30.696301,104.043723,sp,500,金牛区
80,30.707553,104.044285,sp,501,金牛区
84,30.667737,104.044575,sp,502,金牛区
85,30.665046,104.044711,sp,503,青羊区
86,30.711163,104.0461725,sp,504,金牛区
87,30.675069,104.045593,sp,505,金牛区
88,30.672914,104.045858,sp,506,金牛区
92,30.7069355,104.046761,sp,507,金牛区
93,30.720681,104.046823,sp,508,金牛区
101,30.6665525,104.0488535,sp,509,青羊区
104,30.662301,104.0488075,sp,510,青羊区
105,30.716235,104.048659,sp,511,金牛区
108,30.668714,104.049418,sp,512,青羊区
110,30.663052,104.05313,sp,513,青羊区
113,30.69115,104.0520175,sp,514,金牛区
116,30.7066505,104.050361,sp,515,金牛区
121,30.656655,104.051063,sp,516,青羊区
128,30.674435,104.054953,sp,517,青羊区
130,30.695496,104.05275,sp,518,金牛区
133,30.670038,104.053604,sp,519,青羊区
134,30.6606865,104.0588575,sp,520,青羊区
136,30.682717,104.056267,sp,521,金牛区
146,30.6969875,104.0672535,sp,522,金牛区
158,30.65691,104.056162,sp,523,青羊区
159,30.6965125,104.0565755,sp,524,金牛区
160,30.668793,104.056859,sp,525,青羊区
161,30.674432,104.056913,sp,526,青羊区
166,30.6756985,104.0578105,sp,527,青羊区
167,30.670238,104.0578675,sp,528,青羊区
168,30.669247,104.057821,sp,529,青羊区
170,30.6659385,104.0580635,sp,530,青羊区
172,30.662331,104.058296,sp,531,青羊区
174,30.6588175,104.0625545,sp,532,青羊区
179,30.683329,104.061213,sp,533,青羊区
180,30.725428,104.059961,sp,534,金牛区
182,30.6657105,104.059928,sp,535,青羊区
184,30.7325855,104.06104,sp,536,金牛区
185,30.685242,104.060945,sp,537,金牛区
189,30.690866,104.060578,sp,538,金牛区
190,30.693284,104.060602,sp,539,金牛区
191,30.691647,104.060615,sp,540,金牛区
192,30.703011,104.0610525,sp,541,金牛区
195,30.708054,104.061767,sp,542,金牛区
197,30.702596,104.066136,sp,543,金牛区
199,30.661668,104.0616845,sp,544,青羊区
208,30.658871,104.0653275,sp,545,锦江区
218,30.700916,104.064056,sp,546,金牛区
221,30.675381,104.064821,sp,547,青羊区
223,30.7102765,104.0654545,sp,548,金牛区
226,30.669575,104.065804,sp,549,青羊区
227,30.7007435,104.066194,sp,550,金牛区
229,30.66764,104.0663015,sp,551,青羊区
232,30.7031805,104.06662,sp,552,金牛区
234,30.7134355,104.067559,sp,553,金牛区
235,30.685723,104.067727,sp,554,金牛区
236,30.709688,104.0701375,sp,555,成华区
239,30.683222,104.067504,sp,556,金牛区
240,30.7308895,104.0677205,sp,557,金牛区
250,30.6577655,104.0694445,sp,558,锦江区
251,30.675507,104.068452,sp,559,青羊区
252,30.675109,104.069239,sp,560,青羊区
253,30.658662,104.071411,sp,561,锦江区
256,30.689429,104.070786,sp,562,金牛区
257,30.6610165,104.0724925,sp,563,锦江区
258,30.656018,104.069601,sp,564,锦江区
263,30.6597195,104.069993,sp,565,锦江区
265,30.666135,104.069771,sp,566,青羊区
266,30.669024,104.069914,sp,567,青羊区
269,30.697809,104.0721545,sp,568,金牛区
270,30.667177,104.070522,sp,569,青羊区
273,30.6678445,104.0709935,sp,570,青羊区
274,30.702727,104.073973,sp,571,成华区
279,30.716197,104.071948,sp,572,金牛区
282,30.677498,104.071514,sp,573,青羊区
286,30.7205535,104.076001,sp,574,金牛区
288,30.722141,104.071841,sp,575,金牛区
290,30.70502,104.071948,sp,576,成华区
293,30.7259215,104.072308,sp,577,金牛区
295,30.66012,104.072408,sp,578,锦江区
296,30.722633,104.0734975,sp,579,金牛区
298,30.669411,104.0732395,sp,580,青羊区
300,30.6582935,104.072837,sp,581,锦江区
304,30.666205,104.073113,sp,582,青羊区
305,30.6593045,104.0743325,sp,583,锦江区
307,30.671229,104.073332,sp,584,青羊区
309,30.661634,104.073468,sp,585,锦江区
310,30.676033,104.0746835,sp,586,青羊区
312,30.6796765,104.0746575,sp,587,金牛区
315,30.705145,104.0875,sp,588,成华区
317,30.693697,104.074244,sp,589,金牛区
320,30.663854,104.07509,sp,590,锦江区
321,30.6721915,104.079588,sp,591,青羊区
326,30.7102515,104.0779725,sp,592,成华区
333,30.718275,104.077071,sp,593,成华区
335,30.662163,104.076418,sp,594,锦江区
338,30.662956,104.076938,sp,595,锦江区
340,30.693714,104.0775135,sp,596,金牛区
343,30.67121,104.077802,sp,597,青羊区
349,30.668867,104.07846,sp,598,锦江区
350,30.6887445,104.080588,sp,599,金牛区
351,30.662184,104.078685,sp,600,锦江区
353,30.677708,104.078904,sp,601,金牛区
358,30.670439,104.079479,sp,602,青羊区
359,30.673537,104.07957,sp,603,青羊区
361,30.664122,104.0819965,sp,604,锦江区
363,30.668006,104.080231,sp,605,锦江区
364,30.686871,104.080278,sp,606,金牛区
367,30.6942145,104.086842,sp,607,金牛区
368,30.6926535,104.0840785,sp,608,金牛区
371,30.69174,104.081972,sp,609,金牛区
372,30.666528,104.0814535,sp,610,锦江区
374,30.669593,104.081195,sp,611,青羊区
375,30.696706,104.081485,sp,612,金牛区
376,30.673348,104.0842015,sp,613,青羊区
379,30.659162,104.081861,sp,614,锦江区
381,30.665104,104.082549,sp,615,锦江区
385,30.658159,104.0849205,sp,616,锦江区
387,30.714139,104.0835665,sp,617,成华区
388,30.683444,104.083466,sp,618,金牛区
390,30.6814545,104.0878105,sp,619,金牛区
391,30.678435,104.083949,sp,620,金牛区
392,30.673682,104.084008,sp,621,青羊区
393,30.711508,104.087092,sp,622,成华区
395,30.689416,104.087408,sp,623,金牛区
401,30.660337,104.084901,sp,624,锦江区
403,30.674643,104.085011,sp,625,金牛区
405,30.665614,104.085355,sp,626,锦江区
408,30.684935,104.086012,sp,627,金牛区
409,30.6639145,104.0861195,sp,628,锦江区
416,30.678834,104.0878835,sp,629,金牛区
419,30.672973,104.087564,sp,630,成华区
424,30.6871055,104.087968,sp,631,金牛区
426,30.658024,104.088331,sp,632,成华区
427,30.71519,104.092209,sp,633,成华区
428,30.7071135,104.089336,sp,634,成华区
439,30.669925,104.089734,sp,635,锦江区
443,30.658065,104.090374,sp,636,成华区
448,30.683612,104.09103,sp,637,成华区
452,30.658405,104.091434,sp,638,成华区
453,30.716324,104.092556,sp,639,成华区
454,30.7087095,104.092396,sp,640,成华区
456,30.6582355,104.1012165,sp,641,成华区
458,30.682716,104.092851,sp,642,成华区
461,30.671677,104.093844,sp,643,成华区
467,30.6897415,104.0966135,sp,644,成华区
475,30.667434,104.095541,sp,645,成华区
479,30.684976,104.09703,sp,646,成华区
484,30.7030505,104.096926,sp,647,成华区
486,30.67191,104.1024135,sp,648,成华区
487,30.6630795,104.097446,sp,649,成华区
497,30.681056,104.100104,sp,650,成华区
498,30.6725905,104.1006165,sp,651,成华区
501,30.666337,104.103044,sp,652,成华区
505,30.666609,104.1019935,sp,653,成华区
506,30.669368,104.101884,sp,654,成华区
510,30.665688,104.1032265,sp,655,成华区
511,30.7016765,104.103815,sp,656,成华区
512,30.7057125,104.103301,sp,657,成华区
513,30.687216,104.103241,sp,658,成华区
514,30.659972,104.10351,sp,659,成华区
516,30.67235,104.103727,sp,660,成华区
521,30.717795,104.1084725,sp,661,成华区
523,30.668253,104.1058625,sp,662,成华区
525,30.670535,104.105732,sp,663,成华区
526,30.6862475,104.1140565,sp,664,成华区
530,30.68014,104.11373,sp,665,成华区
531,30.712585,104.109141,sp,666,成华区
532,30.6723895,104.119566,sp,667,成华区
534,30.668797,104.107688,sp,668,成华区
537,30.717916,104.107583,sp,669,成华区
539,30.65798,104.108229,sp,670,成华区
540,30.660338,104.108251,sp,671,成华区
547,30.676278,104.10944,sp,672,成华区
554,30.6661595,104.115509,sp,673,成华区
556,30.667894,104.111788,sp,674,成华区
560,30.703307,104.1132,sp,675,成华区
562,30.707778,104.113684,sp,676,成华区
565,30.703297,104.11545,sp,677,成华区
568,30.660985,104.1162775,sp,678,成华区
570,30.6870575,104.119028,sp,679,成华区
571,30.6591655,104.1205355,sp,680,成华区
575,30.7119225,104.1199085,sp,681,成华区
577,30.658875,104.120278,sp,682,成华区
580,30.6606495,104.1247865,sp,683,成华区
