0,2,19223
0,3,17643.7
2,0,15860.4
3,0,16657.9
0,4,17636.3
4,0,16665.3
0,5,17751.9
5,0,16549.7
0,6,16941.4
6,0,16182.7
0,1,19918
1,0,17294.5
0,7,17617.2
0,8,17190.3
8,0,15825.4
0,9,16587.7
9,0,15191.6
0,10,17341.6
10,0,16350.8
0,11,18929.3
11,0,16154.1
7,0,15690.6
0,13,26135.7
12,0,24869
0,12,25660.2
13,0,24393.4
0,14,16573.3
14,0,19249.1
0,15,16257.5
15,0,13484
0,16,16154.9
16,0,14472.7
0,17,25490.5
17,0,24567.5
0,18,24172.3
18,0,25742.6
19,0,14011.2
0,20,24177.5
0,19,17389.8
20,0,25747.8
0,22,7102.6
22,0,7338.3
23,0,7254.5
0,23,7999.2
24,0,7410.9
21,0,8033.6
0,24,7030
0,21,7217.7
0,26,8468.6
25,0,7708.1
26,0,8219.3
0,27,6921.6
27,0,6504.7
0,28,7708.8
28,0,7710.4
0,29,6555.6
29,0,6537.3
0,30,6236.7
0,25,7543.1
31,0,7843.6
0,31,7910.9
0,32,7036.9
32,0,7404.1
0,33,7812.4
33,0,7851.7
0,34,7741.5
34,0,7512.2
0,35,8185.6
35,0,8071.3
0,36,8290.6
36,0,8176.2
30,0,6029.8
0,37,8344.1
37,0,7900
0,38,5915.4
38,0,6351.2
0,39,7618.5
0,40,6570.7
39,0,8449.8
40,0,6522.2
41,0,9490.7
0,41,10805
0,43,10422.2
0,42,12077.2
43,0,9789.2
42,0,12098.4
0,44,7678.6
44,0,8389.7
0,45,8231.6
45,0,8453.8
46,0,7813.3
0,46,7774
47,0,7501.2
0,47,9154.9
48,0,8230
0,48,8455.5
49,0,6806.8
0,49,9012.1
51,0,7793.9
0,51,8732.8
0,50,8623.8
0,52,5865.5
52,0,6401
0,53,8044.9
53,0,8084.2
0,54,8201.1
54,0,7890.3
0,55,6774.5
55,0,6787.2
0,56,8214.8
0,57,5870.4
56,0,8313.2
57,0,6396.1
50,0,8321.7
0,58,5417.1
58,0,5797.7
59,0,8731.5
0,60,6718
0,61,8824.3
60,0,6730.7
61,0,7702.4
62,0,7890.3
0,62,8201.1
63,0,7989.6
0,64,6929.3
0,59,10414.7
0,65,6545.1
64,0,7077.9
65,0,6557.8
0,66,6697.5
66,0,6710.2
0,67,10841
0,68,5348.2
67,0,9798.5
68,0,5002.5
0,69,8100.3
69,0,8274.8
0,70,6890.1
70,0,6902.8
0,71,6929.3
71,0,7077.9
0,72,5227
0,63,7926.6
0,73,5341.9
73,0,5008.9
0,74,8493
74,0,7814
0,75,8333.8
72,0,5573.5
75,0,7654.8
0,76,10355.3
0,77,5629.7
76,0,8790.9
77,0,4721.1
0,78,5415.9
78,0,5798.8
0,79,10575.6
79,0,9979.3
0,80,8747.1
80,0,7925.9
0,81,7164.2
81,0,7775.7
0,82,6777.9
82,0,6786.4
83,0,8496.2
0,84,4843.8
84,0,6309.8
85,0,7917.7
0,83,10650.1
0,86,5218.2
86,0,5582.2
87,0,7777.4
0,88,8803.3
88,0,7526.4
0,89,8748.6
89,0,7471.6
0,85,8698.7
90,0,11283
0,91,8397.8
91,0,8133.3
0,92,6760.2
0,87,8456.5
0,93,5254.2
93,0,4489.7
0,94,7158.1
94,0,3923
95,0,9314.7
92,0,6514.5
0,95,9887.8
0,97,10292.4
96,0,7419.9
97,0,8752.8
0,90,11999.4
0,98,6792
98,0,7344.4
0,99,6917.3
99,0,6925.8
0,100,6275.1
100,0,6737.8
0,101,3998
101,0,4040
0,102,3451.6
0,103,6900.2
103,0,6908.7
0,104,10599.9
104,0,8490.8
0,105,8859.2
105,0,7671.9
0,106,8820.1
106,0,7074.5
0,107,8667.1
107,0,7223.8
0,108,6957.8
108,0,7327.9
0,109,8665.5
109,0,7225.3
0,110,10529.1
110,0,10110.4
0,111,4338.1
111,0,4345.6
0,112,6955.9
112,0,7325.9
0,113,5938.5
113,0,7060.6
0,114,7177.1
114,0,7762.8
102,0,3459.1
115,0,6696.1
0,96,8696.8
0,115,8008
0,117,9474.6
117,0,8061.9
0,118,3911.1
118,0,3953.2
0,119,3788.6
119,0,3943
120,0,7151.3
116,0,7661.6
0,120,6281
0,116,9874.4
0,122,3609.3
121,0,3652.4
0,123,3578.6
122,0,4182.2
123,0,3586.2
124,0,6984.2
0,124,8167.4
0,125,12870.3
0,126,3862.6
125,0,14243
0,121,3644.8
126,0,3732.7
0,127,8187.6
127,0,7004.3
0,129,8602.3
129,0,6069.7
130,0,3732.7
0,130,3862.6
0,128,13632.4
0,131,8326.3
131,0,7208.2
0,132,8484.4
132,0,6651.4
128,0,12318
133,0,6942.1
0,134,12877.4
0,133,6199.6
134,0,14235.9
0,135,17463.7
135,0,14056.9
0,136,8599.7
136,0,6072.3
137,0,3300.6
0,137,3223.9
0,139,9298.4
0,138,12996.7
0,140,6089
140,0,6997
139,0,9904.1
138,0,13214
0,142,7815.1
141,0,25935.4
0,141,22229.2
142,0,7154.8
0,143,13521.5
144,0,7202.2
0,144,8328.1
143,0,13591.7
0,145,7698.9
145,0,7244.7
146,0,13727.2
0,146,15556.8
0,147,13529.2
0,148,8516.9
147,0,13584
0,149,8232.5
148,0,6618.9
149,0,6459.4
0,150,8739.5
150,0,5728.8
0,151,12304.8
0,152,3329.5
152,0,3406.2
151,0,12120.6
0,154,7937.2
154,0,6425
153,0,9013.5
0,153,9539.9
155,0,11852.9
0,156,21015.3
156,0,22515.9
0,157,12022.1
0,155,12025.1
157,0,11849.8
0,158,8061.9
158,0,6700
0,159,12052
159,0,12373.4
0,160,11957.6
160,0,12467.8
0,161,20941.5
0,162,6097.2
162,0,5799.9
161,0,23192.1
163,0,9013.5
164,0,8765.5
0,164,8713.8
0,165,11614.5
0,166,14009.3
165,0,11442.2
166,0,11941.2
0,167,11930.3
167,0,12495.1
0,168,11696.3
168,0,11524.1
0,169,11937.7
169,0,12487.6
0,170,11970.4
0,163,9539.9
170,0,12455
171,0,8377.3
0,171,8556.9
0,172,8296.8
172,0,8112.4
0,173,11101.9
173,0,10895.1
0,174,7455.9
0,175,6928
174,0,5734.2
175,0,5689.6
0,176,7801.5
177,0,6855
0,178,6923.4
176,0,6381.8
0,177,7906.9
178,0,5694.2
180,0,11397.8
0,179,22354.5
0,180,11564.6
179,0,26096.3
0,181,11920.7
0,182,10588.9
181,0,11748.5
182,0,10365.5
183,0,5657.4
0,183,7400.5
0,185,6658.9
185,0,5777.9
184,0,28058.8
0,184,24127.2
0,186,11360
0,187,11152.1
186,0,11187.8
187,0,11802.4
188,0,5459.9
0,188,6437.3
0,189,8732.5
189,0,8573.4
0,191,6762.6
190,0,5580.8
0,190,6856
191,0,5412.7
192,0,11488.1
0,192,12676.4
0,193,11821
193,0,11586.3
195,0,5439.7
0,195,6632
0,194,12676.4
194,0,11488.1
196,0,5483.3
0,196,6413.8
197,0,6573.7
0,197,7158
199,0,4890.1
0,199,7634.8
198,0,25939.1
0,200,5214.3
200,0,6682.8
201,0,5660.8
0,201,6547.4
0,202,24219.8
202,0,26983.1
0,203,11929.4
0,198,24462.9
0,204,11562.4
203,0,11774.7
0,205,11201.9
204,0,11903.1
205,0,11752.7
0,206,11345.7
207,0,9522.2
206,0,11188.4
0,207,9589
0,209,6380.1
209,0,6677.7
0,208,9579.1
208,0,9512.3
0,210,6955.1
210,0,6180.8
211,0,6936.5
0,211,7092
213,0,5793.7
0,212,9282.4
0,213,6103.4
212,0,9103.5
0,214,24169.6
0,215,8123.6
214,0,27033.3
215,0,8354.7
0,216,7194.6
216,0,7323.9
0,217,8070.3
217,0,7914.8
0,218,24597.2
219,0,7683.7
0,219,8301.3
218,0,25950.9
0,220,8043.6
220,0,7941.5
0,221,12719.8
221,0,12131.7
0,222,8128.7
222,0,8349.6
0,223,7624.2
223,0,7313.7
0,224,5753.4
224,0,6143.7
225,0,8992.5
0,226,8131.2
0,225,9393.4
226,0,8347.1
0,228,6055.4
228,0,6926.3
227,0,11707.1
0,229,6583.9
0,227,11865.4
229,0,6603.2
0,230,24819.5
230,0,27150.1
0,231,24609.3
232,0,7375.9
231,0,25938.8
0,234,477.4
0,233,9650.4
234,0,477.4
0,235,7049.3
233,0,9343.1
235,0,7068.6
0,236,7003.1
0,237,12512.7
236,0,7022.4
0,238,7848.4
237,0,12615.7
0,239,311.5
238,0,7858.2
239,0,311.5
0,241,7041.7
0,240,12515.1
0,232,8179
241,0,7061
0,242,8391.2
242,0,8365.8
0,243,8186.2
0,244,12499.2
240,0,12613.3
244,0,12629.1
0,246,8556.8
246,0,970.1
245,0,12110.8
0,245,12517.2
0,247,12138
247,0,11883.2
248,0,11704.3
243,0,4635.8
249,0,9513.4
0,249,10586.4
250,0,9314.5
0,248,11866.9
251,0,8886.9
0,251,9560.5
0,252,9771.8
252,0,9785.5
0,254,9241.3
253,0,8485
254,0,9766.6
255,0,10610.3
0,256,10495.3
0,255,9894.5
0,250,9132.9
256,0,9925.6
0,253,8476.8
0,258,9570.5
258,0,9665.9
0,257,9972.7
257,0,9848.5
259,0,9642.8
0,260,16496.3
260,0,15302.8
0,261,14648.8
261,0,17150.3
262,0,8274.6
0,262,8307
0,263,15359.2
263,0,16003.3
0,264,11751.6
264,0,11512.5
0,265,9778.5
265,0,9792.2
0,259,9633.7
0,267,12077
0,266,11920.2
266,0,11343.8
0,268,11713.5
268,0,11550.6
0,269,12081.6
269,0,12102.7
270,0,13980.2
0,270,13210.5
0,271,15043.4
272,0,9667.3
0,272,9888.5
267,0,12098.2
271,0,16319.1
0,273,11926.3
273,0,11947.5
274,0,11238.3
0,275,9880.9
276,0,9671.2
275,0,9674.8
0,277,9381.9
0,276,9884.5
277,0,9707
278,0,11027.1
0,274,9962.6
279,0,12095.8
0,280,11877.4
0,278,11128.7
0,279,12074.6
280,0,11350
0,282,13957.9
282,0,14857.4
281,0,15912.9
0,284,10761.5
283,0,13975.2
0,281,16056.5
284,0,10503.6
0,285,21688
0,286,10389.9
286,0,9505.1
0,283,13205.6
0,287,12926.3
287,0,13695.9
285,0,26749.5
0,289,13288.8
0,288,12985.7
0,290,14831.8
290,0,13939.1
0,291,10850.3
288,0,13271.3
291,0,11125.6
0,293,13106.2
292,0,13372.5
289,0,12963.3
293,0,13065.7
0,292,13491.5
0,295,14167.8
295,0,14003.5
0,296,13898.7
0,294,12876.1
296,0,13582.3
0,298,11261.9
298,0,10663.4
0,297,10748.6
297,0,10516.5
294,0,12172.8
0,300,13828.7
299,0,13361.3
0,301,10698.1
0,299,13836.1
301,0,10627.4
0,302,10960
300,0,13353.8
0,303,11309.9
302,0,10046.9
0,305,10989.3
303,0,11788.1
0,304,13827.2
0,306,7336
305,0,9401.5
304,0,13352.4
0,307,9348.2
307,0,9324
308,0,9474.5
0,308,10916.3
309,0,9803.9
0,309,10937.6
0,310,10449.1
310,0,9557.9
306,0,7035.9
0,311,10100.7
0,312,10883.7
311,0,8897.5
0,313,10082.7
312,0,9649.2
314,0,9627.7
313,0,9668.3
0,315,10090.3
0,314,10373.1
315,0,9660.8
317,0,9917.2
0,317,10908.3
0,318,10927.6
0,316,13455
318,0,9898
0,320,13679.2
0,319,11026.3
319,0,10598.3
320,0,13106.1
0,321,12383.1
0,322,9476.3
322,0,8477.1
321,0,12050.8
0,323,12443.9
0,324,12341.1
323,0,11127.2
324,0,12008.8
0,325,11289
325,0,10335.7
0,326,11373.5
326,0,10496.4
316,0,13330.3
0,327,11059.8
0,328,9798.9
327,0,9987.8
328,0,8837.4
329,0,10813.7
0,329,11621.5
330,0,10536.6
0,330,11390.2
331,0,7059.9
0,331,7393.8
332,0,15332.1
0,332,16195.1
333,0,11381.6
0,333,12120
0,334,12106.3
0,335,12209.9
335,0,11147
0,336,12256.4
336,0,11324.6
337,0,8888.8
0,337,10109.4
338,0,10525.1
0,338,11403.3
339,0,11110
0,340,10547.1
0,339,12067.7
340,0,9838.3
341,0,11222.8
334,0,11236.8
0,342,12320.9
342,0,11249.8
343,0,11298.2
344,0,11342.2
0,344,12229
0,345,11272.2
0,341,12155
345,0,11295.9
346,0,11295.7
0,346,11272.5
0,348,10655.6
0,347,12511.1
0,343,11269.9
348,0,10078
349,0,10594
0,349,12002.9
0,350,12727.4
350,0,14409.9
351,0,14353.2
0,351,12784.1
0,352,13447.1
352,0,12536.5
347,0,10630.5
0,353,13209.3
0,354,13209.3
353,0,12806.2
355,0,11809.7
0,355,13471.9
0,356,12934.7
356,0,12355.8
0,357,28273.2
357,0,28650.9
0,358,28619.7
358,0,28200.7
0,359,28521.9
359,0,27869.7
0,361,27845.1
360,0,27529
0,360,28012.6
361,0,27696.5
362,0,26775.3
0,362,27884.8
0,363,27418.3
363,0,26506.9
0,365,8578
364,0,11195.2
0,364,11352.5
365,0,7408.3
0,366,17569.6
0,367,8035.8
366,0,16010.1
368,0,7709.1
367,0,8149.8
0,368,8181.8
0,369,4119.2
369,0,4848.7
0,370,10538.6
0,371,10939.9
371,0,10869.2
370,0,8552.2
354,0,12806.2
0,372,11199
372,0,11166.5
0,373,18923.8
0,374,3753.8
374,0,3761.4
0,375,11591.1
373,0,16159.5
375,0,11629.7
0,377,8662.7
376,0,7350.1
0,376,7330.8
377,0,7228.1
0,378,8200.7
378,0,7984.9
0,379,10519.6
379,0,10040.6
0,380,8355.6
380,0,8044.8
381,0,11377.1
0,381,12194
0,382,9522.3
382,0,9384
0,383,8752.6
383,0,7475.7
0,384,12038.5
384,0,11883.8
0,385,21361.8
0,386,6932.1
386,0,6940.5
385,0,22859
0,387,11178.5
387,0,11146
0,388,7680.8
388,0,7262.9
0,389,8027.6
389,0,6878.3
390,0,1595.4
0,390,7950
391,0,1397.2
392,0,369.6
0,393,932.8
0,392,1492.8
0,391,8583.9
393,0,929.7
0,394,932.8
394,0,929.7
395,0,3577.1
0,395,7093.3
396,0,3338.5
0,396,3330.9
398,0,2740.2
397,0,4370.1
0,397,5175.2
0,399,3776.7
399,0,3818.7
0,400,3168.2
400,0,3244.9
0,401,1179.2
401,0,1179.2
0,402,4499.1
0,403,5485.9
402,0,4506.6
0,398,2663.5
403,0,4566.8
0,404,4608.4
0,405,5188.6
405,0,4650.8
0,406,5424.1
406,0,4926.6
0,407,5337.1
407,0,5463.4
0,408,5541
0,409,5585.2
408,0,5696.2
409,0,5568.4
0,410,6021.7
0,411,5638.7
411,0,5645.5
410,0,6009.7
412,0,5543.9
0,413,6517.7
413,0,6551.5
0,414,5902.3
414,0,5898.3
0,415,6716.7
415,0,6493.2
0,416,6546.2
416,0,6580
0,417,6495
417,0,6597.9
404,0,5228.3
0,418,20298.6
418,0,18870
0,419,20178.2
419,0,18750
0,420,6442.2
420,0,6476
421,0,6321.9
0,421,6926.8
0,422,6824.5
422,0,6837.2
0,423,6647.7
423,0,6660.4
0,424,6784.8
424,0,6797.5
0,425,6784.8
0,426,6700.4
425,0,6797.5
0,427,7029.6
426,0,6713.1
427,0,7038
0,428,6750.4
428,0,6763.1
0,429,6754.8
429,0,6767.4
0,430,7418.6
430,0,7521.3
0,431,6705.3
0,432,6850.3
431,0,7735.6
432,0,6863
0,433,7148.8
433,0,6842.2
434,0,6842.2
0,435,6934.8
435,0,7083.1
436,0,4173.4
0,436,7723.7
0,437,7738.4
437,0,8152.4
0,438,7377.1
438,0,7707.7
0,439,7169.9
439,0,8040.6
0,440,7905.9
440,0,4355.5
0,441,6830.2
0,442,6766.8
441,0,7453
0,412,5537.2
442,0,6232.4
0,443,6766.8
0,444,7873.4
444,0,7653.8
445,0,7587.4
0,445,8109.5
0,434,7148.8
446,0,8049
0,446,8062.5
0,447,8072.6
447,0,6889.3
0,448,7820
448,0,6713.3
0,449,8236.5
443,0,6232.4
449,0,8448.9
0,450,8507.9
451,0,8146.3
0,451,8381.7
452,0,8089.4
0,453,9212.2
0,452,8015.2
453,0,8644
0,454,8077.4
0,455,9252.5
455,0,8312.6
0,456,8562
454,0,8453.7
456,0,8254
0,457,7102.3
0,458,7482.1
457,0,5515.3
458,0,5135.5
0,459,9150.1
0,460,6622.6
460,0,5274.5
0,461,7852.5
461,0,6340.2
0,462,8763.2
459,0,7873.1
0,463,6480.2
463,0,5593.5
450,0,8116.3
0,464,6575.3
0,465,6966.7
465,0,5470.2
464,0,5919.7
466,0,5470.2
0,466,6966.7
467,0,7553.6
0,467,8671.1
0,468,8768.8
468,0,7455.9
0,469,8121.9
469,0,7968.7
0,470,8121.2
0,471,6618.7
471,0,5818.2
470,0,7969.7
0,472,6188.2
462,0,7909.2
472,0,6248.6
473,0,9416.2
0,474,6567.1
0,473,10169.6
475,0,9143.7
0,475,12016.7
476,0,5799.1
0,476,8298.5
477,0,7829.5
0,478,11270.9
0,477,8983.3
478,0,7819.8
0,479,8982.2
0,480,6632.2
480,0,6480.9
481,0,8840.8
479,0,7828.5
0,481,10305.5
482,0,9288.9
0,482,9434.6
483,0,7475.7
0,484,10064.7
0,483,6941.9
484,0,9160.8
0,485,9220.2
485,0,10298.1
486,0,9446.8
0,486,10373.7
487,0,10199
0,487,10224.6
488,0,6199.6
0,489,7619.4
0,488,7619.4
489,0,6199.6
0,490,7933.8
0,491,7933.8
491,0,8413.1
0,492,10862.1
474,0,6469.2
490,0,8413.1
0,493,10088.2
494,0,6919.9
0,494,8457
492,0,10366.9
0,495,8474.3
0,496,7004
496,0,6822.8
0,497,9464.5
495,0,6944.9
497,0,9207.2
498,0,9001.1
0,499,7523.4
499,0,7414.5
0,500,7469.6
0,501,11249.2
501,0,10375.4
0,498,9570.3
0,502,11192.1
0,503,9274.2
503,0,8096.1
0,504,9274.2
502,0,11133.5
504,0,8096.1
505,0,8096.1
0,505,9274.2
500,0,7226.2
506,0,10095.2
0,506,11065.2
507,0,10137.8
0,508,8939
493,0,8683.7
0,507,12297.5
508,0,8177.5
509,0,8177.5
510,0,10514.3
511,0,8102.3
0,510,12079.1
0,511,9004.9
0,513,7720.2
512,0,10445.2
0,514,9954
513,0,7476.8
0,512,12277.1
514,0,10751.9
0,515,9456
0,516,10467.4
516,0,9769.1
515,0,7914.3
0,517,8542.4
517,0,7808.5
0,519,8027.8
519,0,7411.5
0,518,12095.6
518,0,10626.7
520,0,11275.5
0,521,8374
0,520,10439.7
521,0,7976.8
0,523,11938.4
0,522,8116.3
522,0,7868.8
523,0,10416.4
0,524,10357.7
0,525,12048
525,0,10500.2
526,0,10947.6
0,526,10619.6
527,0,10899.7
524,0,9947.2
0,527,10421.8
528,0,10632
0,529,8020.5
0,530,8146.6
530,0,7788.9
529,0,7863.9
0,528,12179.8
0,531,8293.4
531,0,8109
532,0,11021
0,533,11345.7
533,0,10644
0,534,8364.2
0,532,11967.7
534,0,8114.1
0,535,8354.9
0,536,8980.5
536,0,8058.6
535,0,8123.4
0,537,11658.7
537,0,10799.9
538,0,8707.1
0,539,11648
539,0,10717.5
0,538,8698.9
0,540,8710.9
540,0,8328.2
541,0,10786.7
542,0,10887.1
0,541,11717.3
0,509,8939
0,543,12234.8
0,544,8197.9
544,0,8160.8
543,0,10887.1
0,545,10236.5
0,546,8448.1
546,0,8268.5
545,0,11311
0,542,12234.8
0,547,8448.1
0,548,11231
547,0,8268.5
0,549,11935.7
0,550,8182.6
550,0,8003
549,0,11004
551,0,8013.3
0,551,8172.3
552,0,8323
0,552,9070.6
0,553,8738.2
553,0,8340
0,554,8489.3
0,555,9922.8
554,0,8504.6
555,0,9785.5
0,556,15580.6
556,0,14160.9
557,0,10305.6
558,0,8666.2
0,558,8825.3
0,559,9063.3
0,560,12184.7
559,0,9181.9
560,0,11993.8
0,561,12342.2
561,0,11555.3
0,562,9402.4
548,0,10693.9
0,563,8704.1
563,0,8704.6
0,557,10895.3
0,564,10138.8
564,0,11197.4
565,0,11494.5
0,566,10341.6
566,0,11354.3
0,565,12402.9
0,567,9999.2
567,0,11610.8
568,0,11610.8
0,568,9999.2
0,569,18478.3
0,570,8587
570,0,10491.2
0,571,12399.2
569,0,16186.6
571,0,12066.9
0,572,12546.7
0,573,9483.9
573,0,10498.5
572,0,11687.8
574,0,11225.1
0,574,10466
575,0,12107.5
0,576,12358
576,0,9744.5
0,577,12833.6
0,575,12433.4
577,0,12772.1
0,578,9879
579,0,9298.9
578,0,11490.6
562,0,8652.4
0,580,9521.6
580,0,9498.3
581,0,12254.7
0,582,12587
0,581,12587
582,0,12254.7
0,583,12550.6
0,584,12509.4
584,0,12206.7
583,0,12165.5
0,585,8850.1
585,0,8824.6
0,587,13119.4
586,0,15419.9
0,588,11109.5
587,0,12798.1
0,586,16855.7
588,0,9530
0,589,12361.1
0,590,9403.8
589,0,12893.3
590,0,9616
0,591,9403.8
0,592,9390.8
0,593,12632.5
591,0,9616
592,0,10735.3
593,0,12322.3
0,594,9732.8
0,595,9073.8
595,0,9540
594,0,10393.3
596,0,9124
0,596,9323.4
0,579,9123
597,0,8992.4
0,597,9625.2
598,0,9650.2
0,598,9463.2
0,599,11117.7
599,0,9879.2
0,600,13032
601,0,12679.4
0,601,13167.4
0,602,10790.3
600,0,12710.6
602,0,11367.2
0,603,9274.4
603,0,9173.1
0,604,16967
604,0,15568
0,605,16967
605,0,15568
0,606,9257.8
606,0,9128.1
607,0,9188.9
0,607,9197.1
0,608,13485
608,0,12640.2
609,0,11854
0,609,12993.3
0,610,9313.6
610,0,9321
611,0,9321
0,611,9313.6
0,612,11472.4
612,0,11750.1
613,0,9546.9
0,613,9549
0,614,9929.1
614,0,9942.8
0,615,13118.5
615,0,12988.6
0,616,17125.4
616,0,15727.2
617,0,15727.2
0,617,17125.4
618,0,10356.9
619,0,9752.9
0,619,11813.1
0,620,10019.9
620,0,10485
0,621,9879.2
621,0,9698.5
0,622,11964.7
0,623,11964.7
0,618,9999.9
623,0,12667.2
0,624,11999.9
624,0,12852.2
0,625,14518.9
625,0,12362.7
0,626,10868
626,0,10661.2
0,627,10522.4
0,628,10517.3
627,0,10288.6
0,629,10517.3
629,0,10293.7
628,0,10293.7
0,630,12464.4
630,0,10818.1
631,0,10760.8
0,632,14221.9
632,0,13320.2
0,633,10745.1
0,631,12521.7
0,634,10460.6
633,0,10841
635,0,10564.9
622,0,12667.2
0,635,10788.4
0,636,11131.9
636,0,10912.3
0,637,14187.4
638,0,11101.8
637,0,13796.6
0,638,11308.6
0,639,11245.2
0,640,10744.6
639,0,11038.4
640,0,10752.2
0,641,10744.6
642,0,10694.1
641,0,10752.2
0,642,11463.1
0,643,10934.9
643,0,11543.4
634,0,10237.1
644,0,13431.6
0,644,14269.5
0,646,14375.7
0,645,14266.1
646,0,13646.1
0,648,10936.9
645,0,13845.2
647,0,14965
0,649,11122.2
649,0,11089.7
0,647,15601.8
0,650,11122.2
650,0,11089.7
651,0,12062
0,652,15554.6
0,651,11202.1
652,0,13354
0,653,11612.4
654,0,11693.8
0,654,11866.1
653,0,11651.6
0,655,12045
0,656,12045
656,0,11872.8
655,0,11872.8
657,0,11872.8
0,658,11703.2
0,657,12045
658,0,11704.1
0,659,11367.1
0,660,11312.5
659,0,11366.5
660,0,11308.4
648,0,10977.5
0,662,12115.4
662,0,12310
661,0,11810.3
0,663,11562.6
663,0,11531.9
664,0,11005.9
0,665,11409.4
0,664,11159.7
665,0,12170.2
0,666,11434.8
0,667,15233.4
666,0,11406.5
667,0,15993.4
0,668,13163.3
0,669,11404.6
668,0,13681.7
0,670,12061.5
669,0,11229
670,0,11959.7
0,671,14152.7
0,672,12165
672,0,11989.3
0,673,11636.7
671,0,13706.3
0,661,13505.5
0,674,11636.7
0,675,12666.8
674,0,11460.6
675,0,12184.6
0,677,12661.2
677,0,11994.6
0,678,14292
676,0,14009.8
678,0,14163.8
679,0,15051.3
0,679,15542.1
0,680,12735.4
0,681,15436.1
680,0,13099.8
0,676,14902.4
0,682,17352.6
682,0,16667.8
681,0,14779.7
0,683,17450.5
683,0,16221
684,0,16209.5
0,685,17863.9
0,684,17439
685,0,16391.5
0,686,17505.2
0,687,16972.5
687,0,14826.6
0,688,14266.8
686,0,16275.7
688,0,21339.3
0,689,15782.2
689,0,15706.7
0,690,14276.6
0,691,14839
690,0,15939.2
0,692,15543.8
691,0,15296
0,693,16042.7
693,0,15753.7
692,0,15468.7
0,694,14867.4
694,0,15847.3
695,0,16054.2
0,695,14843.3
696,0,16071.2
697,0,17586
0,696,15103.6
0,697,18225.9
0,698,15999.5
0,699,16100.2
699,0,16007.4
698,0,15966
0,700,17365
0,701,17204.9
700,0,18582.8
701,0,19413.2
0,702,17002.6
702,0,18603.5
0,703,26622.4
703,0,24198.7
704,0,22959.1
0,705,22045.4
0,704,19867.5
0,706,22939.6
705,0,27511.3
706,0,26617.1
707,0,22554.4
0,708,21406.6
0,707,21053.8
0,709,21133.7
708,0,22903.9
0,710,20922.5
709,0,22738.8
0,711,20806.5
0,712,25849.1
712,0,25671.2
0,713,22176.3
710,0,23211.1
673,0,11460.6
0,714,25773.2
713,0,25790.5
711,0,22266.8
0,715,21596.9
715,0,26589.6
0,716,27595.7
0,717,29699.6
717,0,24681.7
0,718,26646.7
718,0,25921
716,0,25775.8
0,719,27981.2
720,0,28457.1
719,0,27243.9
0,720,28787.3
714,0,24941.1
0,721,26000.4
0,722,23658.1
721,0,26848.9
0,723,17322.2
0,724,26619.5
724,0,23632.7
0,725,16586.8
723,0,15817.9
0,726,26276.2
725,0,15255
726,0,23405.8
0,727,24535.1
0,728,24451.7
728,0,26325.6
0,729,7602.1
727,0,26409
729,0,6089.9
0,730,7180.8
0,731,7066.7
730,0,7425
731,0,5991.2
0,733,7688.7
732,0,7557.7
0,734,7684.8
733,0,7565
734,0,7258.9
0,732,7414.4
735,0,6395.2
0,735,6387
0,736,7758.9
736,0,7798.2
0,737,7505.1
722,0,23625.5
737,0,8438
0,738,10053.1
738,0,9149.4
0,739,11862.5
739,0,9661.7
0,740,8037.7
740,0,8077
0,741,6857.8
741,0,6870.5
0,742,6823.3
0,743,5162.4
742,0,6836
743,0,5201.3
0,744,6709.9
745,0,7801.5
0,745,8112.3
0,746,5377.9
0,747,3455
747,0,3462.6
746,0,5836.8
0,748,7233.4
748,0,7851.4
744,0,6722.6
749,0,7564.2
750,0,7414.8
0,751,9007.1
0,749,8544.4
751,0,8013
0,752,7282.3
0,753,10425
753,0,8140.6
752,0,7657.6
0,754,9008.4
754,0,7055.5
0,755,8252.8
0,756,26029.5
755,0,7069.5
757,0,8168.8
0,757,10922
758,0,7260.2
756,0,26961.4
0,759,6187.9
759,0,7058.2
0,760,3576.3
760,0,4149.2
0,761,3883.1
761,0,3712.2
0,762,3984.1
762,0,4821.7
0,763,20490.5
763,0,23169.1
0,764,8451.1
0,765,9195.5
764,0,7165
765,0,7155.3
0,766,9368.3
0,758,6080.2
766,0,10749
0,767,9569.2
767,0,8638.7
0,768,12463.7
0,769,23543.8
768,0,11961.7
769,0,27283.7
0,771,8153.1
0,770,8971.7
771,0,6587.6
770,0,8812.6
0,772,21078.7
772,0,22557
773,0,8558.1
0,773,8967.9
774,0,26604.2
0,775,10930.3
0,750,8691.7
775,0,10706.9
0,777,1597.4
0,776,14089.5
777,0,2963.7
776,0,13473.3
0,778,21161.8
778,0,23770.2
0,779,21357.1
0,780,7149.7
780,0,7304
0,781,7591.6
781,0,7348.2
779,0,22854.4
0,782,10009.8
782,0,10280.6
0,783,6824.6
783,0,5476.5
0,784,6784
784,0,5983.5
0,774,21653
0,785,11752.7
785,0,11344.6
0,786,11390.1
0,787,7787.8
787,0,7544.4
786,0,11232.9
0,788,11231.9
788,0,11965.9
0,789,9032.6
789,0,9593.4
0,790,9235.3
790,0,9150.6
791,0,7536.8
0,791,7772.2
0,793,2914
793,0,2296.1
0,794,283.6
794,0,283.6
792,0,8991.5
0,796,613.8
795,0,7595.5
0,795,8751.4
796,0,613.8
0,797,11094.4
797,0,11267
0,798,10448.6
798,0,10752.3
0,792,9017
0,799,9637.1
799,0,9635
800,0,10465.5
801,0,9285.6
0,801,9392.4
0,802,9457.7
802,0,10651.6
803,0,11385.4
0,803,11613
0,804,14528.6
804,0,15606.4
805,0,9702.3
0,806,12185.7
806,0,11078.4
0,807,13616.2
0,805,9534.1
807,0,13728.8
0,808,15678.5
0,809,12278.8
809,0,12300
808,0,15956.3
0,810,12701.6
810,0,12219.4
811,0,11116.9
0,812,11122.7
0,811,11698.8
812,0,11150.9
0,813,6690.4
0,814,11233.3
0,800,10763.9
814,0,10651.4
0,815,10210.6
813,0,11180.8
816,0,9480.5
0,816,10104.6
817,0,9167.3
0,817,9683.4
0,818,14811.3
818,0,13918.7
819,0,9411.3
0,820,10608.2
820,0,9702
0,819,10347.1
0,821,11137.4
821,0,10147
822,0,11923.6
0,823,10594.4
823,0,9783.1
0,824,10789.9
824,0,10041
0,825,9369.8
825,0,9345.6
826,0,8625
0,827,9882.4
827,0,9020.8
0,828,13825.7
0,826,9328.4
0,822,13728.9
828,0,12885.6
0,829,11568.3
829,0,10669.6
830,0,10072.5
0,830,10312.9
0,831,15651.1
0,832,10980.7
831,0,13257.5
832,0,10468.5
0,833,13641.9
833,0,12782
0,835,28810.9
834,0,28186.1
0,834,31292.3
835,0,28980.5
0,836,27912.5
836,0,26902
0,837,28857
837,0,27963.4
815,0,10092.6
0,838,29343.5
838,0,28659.3
